{
  "action_fingerprints": {
    "action_listen": {
      "slots": [
        "subscribe",
        "horoscope_sign"
      ]
    },
    "get_todays_horoscope": {
      "slots": [
        "horoscope_sign"
      ]
    },
    "subscribe_user": {
      "slots": [
        "subscribe"
      ]
    },
    "utter_goodbye": {
      "slots": []
    },
    "utter_subscribe": {
      "slots": []
    }
  },
  "rasa_core": "0.11.1",
  "python": "3.6.7",
  "max_histories": [
    2,
    5
  ],
  "ensemble_name": "rasa_core.policies.ensemble.SimplePolicyEnsemble",
  "policy_names": [
    "rasa_core.policies.memoization.MemoizationPolicy",
    "rasa_core.policies.keras_policy.KerasPolicy"
  ]
}