{
  "rasa_nlu_data": {
    "common_examples": [
      {
        "text": "Hello",
        "intent": "greeting",
        "entities": []
      },
      {
        "text": "I want to know my Horoscope",
        "intent": "get_horoscope",
        "entities": []
      },
      {
        "text": "Can you please tell me my horoscope?",
        "intent": "get_horoscope",
        "entities": []
      },
      {
        "text": "Please subscribe me",
        "intent": "subscription",
        "entities": []
      },
      {
        "text": "Hi",
        "intent": "greeting",
        "entities": []
      },
      {
        "text": "Hello horoscopebot",
        "intent": "greeting",
        "entities": []
      },
      {
        "text": "hello bot",
        "intent": "greeting",
        "entities": []
      },
      {
        "text": "hi there",
        "intent": "greeting",
        "entities": []
      },
      {
        "text": "bonjour",
        "intent": "greeting",
        "entities": []
      },
      {
        "text": "Tell me my horoscope please",
        "intent": "get_horoscope",
        "entities": []
      },
      {
        "text": "What does my horoscope say?",
        "intent": "get_horoscope",
        "entities": []
      },
      {
        "text": "Can you tell me my horoscope?",
        "intent": "get_horoscope",
        "entities": []
      },
      {
        "text": "What's today's horoscope?",
        "intent": "get_horoscope",
        "entities": []
      },
      {
        "text": "I would like to know my horoscope for today",
        "intent": "get_horoscope",
        "entities": []
      },
      {
        "text": "12-12",
        "intent": "dob_intent",
        "entities": [
          {
            "start": 0,
            "end": 2,
            "value": "12",
            "entity": "DD"
          },
          {
            "start": 3,
            "end": 5,
            "value": "12",
            "entity": "MM"
          }
        ]
      },
      {
        "text": "08-01",
        "intent": "dob_intent",
        "entities": [
          {
            "start": 0,
            "end": 2,
            "value": "08",
            "entity": "DD"
          },
          {
            "start": 3,
            "end": 5,
            "value": "01",
            "entity": "MM"
          }
        ]
      },
      {
        "text": "01-01",
        "intent": "dob_intent",
        "entities": [
          {
            "start": 0,
            "end": 2,
            "value": "01",
            "entity": "DD"
          },
          {
            "start": 3,
            "end": 5,
            "value": "01",
            "entity": "MM"
          }
        ]
      },
      {
        "text": "15-08",
        "intent": "dob_intent",
        "entities": [
          {
            "start": 0,
            "end": 2,
            "value": "15",
            "entity": "DD"
          },
          {
            "start": 3,
            "end": 5,
            "value": "08",
            "entity": "MM"
          }
        ]
      },
      {
        "text": "19-01",
        "intent": "dob_intent",
        "entities": [
          {
            "start": 0,
            "end": 2,
            "value": "19",
            "entity": "DD"
          },
          {
            "start": 3,
            "end": 5,
            "value": "01",
            "entity": "MM"
          }
        ]
      },
      {
        "text": "28-02",
        "intent": "dob_intent",
        "entities": [
          {
            "start": 0,
            "end": 2,
            "value": "28",
            "entity": "DD"
          },
          {
            "start": 3,
            "end": 5,
            "value": "02",
            "entity": "MM"
          }
        ]
      },
      {
        "text": "please subscribe me",
        "intent": "subscription",
        "entities": [
          {
            "start": 7,
            "end": 16,
            "value": "True",
            "entity": "subscribe"
          }
        ]
      },
      {
        "text": "yes subscribe",
        "intent": "subscription",
        "entities": [
          {
            "start": 4,
            "end": 13,
            "value": "True",
            "entity": "subscribe"
          }
        ]
      },
      {
        "text": "subscribe",
        "intent": "subscription",
        "entities": [
          {
            "start": 0,
            "end": 9,
            "value": "True",
            "entity": "subscribe"
          }
        ]
      },
      {
        "text": "subscribe me horoscopebot",
        "intent": "subscription",
        "entities": [
          {
            "start": 0,
            "end": 9,
            "value": "True",
            "entity": "subscribe"
          }
        ]
      },
      {
        "text": "subscribe me please",
        "intent": "subscription",
        "entities": [
          {
            "start": 0,
            "end": 9,
            "value": "True",
            "entity": "subscribe"
          }
        ]
      },
      {
        "text": "what is the horoscope for Capricorn?",
        "intent": "get_horoscope",
        "entities": [
          {
            "start": 26,
            "end": 35,
            "value": "Capricorn",
            "entity": "horoscope_sign"
          }
        ]
      },
      {
        "text": "tell me the horoscope for Gemini",
        "intent": "get_horoscope",
        "entities": [
          {
            "start": 26,
            "end": 32,
            "value": "Gemini",
            "entity": "horoscope_sign"
          }
        ]
      },
      {
        "text": "horoscope for Aries",
        "intent": "get_horoscope",
        "entities": [
          {
            "start": 14,
            "end": 19,
            "value": "Aries",
            "entity": "horoscope_sign"
          }
        ]
      },
      {
        "text": "Leo's today's horoscope",
        "intent": "get_horoscope",
        "entities": [
          {
            "start": 0,
            "end": 3,
            "value": "Leo",
            "entity": "horoscope_sign"
          }
        ]
      },
      {
        "text": "what's the horoscope for Sagittarius",
        "intent": "get_horoscope",
        "entities": [
          {
            "start": 25,
            "end": 36,
            "value": "Sagittarius",
            "entity": "horoscope_sign"
          }
        ]
      },
      {
        "text": "What is the horoscope for Scorpio today?",
        "intent": "get_horoscope",
        "entities": [
          {
            "start": 26,
            "end": 33,
            "value": "Scorpio",
            "entity": "horoscope_sign"
          }
        ]
      },
      {
        "text": "what's the horoscope for Aquarius?",
        "intent": "get_horoscope",
        "entities": [
          {
            "start": 25,
            "end": 33,
            "value": "Aquarius",
            "entity": "horoscope_sign"
          }
        ]
      },
      {
        "text": "unsubscribe me",
        "intent": "subscription",
        "entities": [
          {
            "start": 0,
            "end": 11,
            "value": "False",
            "entity": "subscribe"
          }
        ]
      },
      {
        "text": "unsubscribe",
        "intent": "subscription",
        "entities": [
          {
            "start": 0,
            "end": 11,
            "value": "False",
            "entity": "subscribe"
          }
        ]
      },
      {
        "text": "Capricorn",
        "intent": "get_horoscope",
        "entities": [
          {
            "start": 0,
            "end": 9,
            "value": "Capricorn",
            "entity": "horoscope_sign"
          }
        ]
      },
      {
        "text": "Aries",
        "intent": "get_horoscope",
        "entities": [
          {
            "start": 0,
            "end": 5,
            "value": "Aries",
            "entity": "horoscope_sign"
          }
        ]
      },
      {
        "text": "My horoscope sign is Cancer",
        "intent": "get_horoscope",
        "entities": [
          {
            "start": 21,
            "end": 27,
            "value": "Cancer",
            "entity": "horoscope_sign"
          }
        ]
      },
      {
        "text": "sagittarius",
        "intent": "get_horoscope",
        "entities": [
          {
            "start": 0,
            "end": 11,
            "value": "sagittarius",
            "entity": "horoscope_sign"
          }
        ]
      },
      {
        "text": "What is my horoscope?",
        "intent": "get_horoscope",
        "entities": []
      },
      {
        "text": "Virgo is my horoscope sign",
        "intent": "get_horoscope",
        "entities": [
          {
            "start": 0,
            "end": 5,
            "value": "Virgo",
            "entity": "horoscope_sign"
          }
        ]
      },
      {
        "text": "Hi there!",
        "intent": "greeting",
        "entities": []
      },
      {
        "text": "hiya",
        "intent": "greeting",
        "entities": []
      },
      {
        "text": "bye",
        "intent": "goodbye",
        "entities": []
      },
      {
        "text": "see you again",
        "intent": "goodbye",
        "entities": []
      },
      {
        "text": "sayonara",
        "intent": "goodbye",
        "entities": []
      },
      {
        "text": "bye bye",
        "intent": "goodbye",
        "entities": []
      },
      {
        "text": "see you",
        "intent": "goodbye",
        "entities": []
      },
      {
        "text": "take care",
        "intent": "goodbye",
        "entities": []
      },
      {
        "text": "howz my day today",
        "intent": "get_horoscope",
        "entities": []
      },
      {
        "text": "how will be my day today",
        "intent": "get_horoscope",
        "entities": []
      },
      {
        "text": "I need to go thanks",
        "intent": "goodbye",
        "entities": []
      },
      {
        "text": "bye see you again",
        "intent": "goodbye",
        "entities": []
      }
    ],
    "regex_features": [],
    "entity_synonyms": []
  }
}