{"py/object": "rasa_core.featurizers.MaxHistoryTrackerFeaturizer", "max_history": 5, "remove_duplicates": true, "state_featurizer": {"py/object": "rasa_core.featurizers.BinarySingleStateFeaturizer", "input_state_map": {"entity_DD": 6, "entity_MM": 7, "entity_dob_intent": 9, "entity_horoscope_sign": 5, "entity_subscribe": 8, "intent_dob_intent": 0, "intent_get_horoscope": 1, "intent_goodbye": 2, "intent_greeting": 3, "intent_subscription": 4, "prev_action_default_fallback": 16, "prev_action_listen": 14, "prev_action_restart": 15, "prev_get_todays_horoscope": 21, "prev_subscribe_user": 22, "prev_utter_ask_dob": 19, "prev_utter_ask_horoscope_sign": 18, "prev_utter_goodbye": 23, "prev_utter_greet": 17, "prev_utter_subscribe": 20, "slot_DD_0": 10, "slot_MM_0": 11, "slot_horoscope_sign_0": 12, "slot_subscribe_0": 13}, "num_features": 24, "slot_feature_len": 4, "user_feature_len": 10}, "use_intent_probabilities": false}